,gage,k,L,g,meanQ,varianceQ,meanAF,varianceAF,aAF,bAF,a,b
0,11475560,0.254975461154,0.109389038634,50.1014664222,0.00856298103538,0.000170912782537,0.00856298103538,1.40329868545e-05,5.22516303709,610.203738103,1.20290763465,1.3747668137
1,02398000,0.238366868894,0.148484425199,236.80343623,0.00263055272084,1.11085918461e-05,0.00263055272084,9.71919644772e-07,7.11973222719,2706.55371047,280.014123169,2.24505892961
2,14325000,0.293718886632,0.142567339119,50.7192430492,0.00957007645423,0.000188687288668,0.00957007645423,1.35525289149e-05,6.75787994364,706.146912824,1.78654262011,1.40654490111
3,03602500,0.253746523929,0.12197356367,213.778576492,0.00224854420649,1.05180988824e-05,0.00224854420649,8.67549052408e-07,5.82785611314,2591.83524003,44.4505186939,1.91483358544
4,12048000,0.167713653552,0.122962392504,292.699970587,0.00250484701385,8.55772895646e-06,0.00250484701385,1.04013315908e-06,6.03216858147,2408.19840419,308.304949545,2.33422956529
